Department,AttritionRate
Admin Offices,22.22222222222222
IT/IS,16.27906976744186
Production       ,38.72832369942196
Sales,19.230769230769234
Software Engineering,40.0
