Department,AttritionRate
Admin Offices,22.22222222222222
Executive Office,0.0
IT/IS,20.0
Production       ,39.71291866028708
Sales,16.129032258064516
Software Engineering,36.36363636363637
